{
  "genesis_time": "2022-06-07T07:19:27.620807337Z",
  "chain_id": "chain-Q6CmDc",
  "initial_height": "0",
  "consensus_params": {
    "block": {
      "max_bytes": "22020096",
      "max_gas": "-1"
    },
    "evidence": {
      "max_age_num_blocks": "100000",
      "max_age_duration": "172800000000000",
      "max_bytes": "1048576"
    },
    "validator": {
      "pub_key_types": [
        "ed25519"
      ]
    },
    "version": {
      "app_version": "0"
    }
  },
  "validators": [
    {
      "address": "11BB132EC77BC788B65CEAE309A21EC9AD30686C",
      "pub_key": {
        "type": "tendermint/PubKeyEd25519",
        "value": "XGZrm1htSmuI3+fhsu8+VxOuPGbqubdE13gVbhIHe1Q="
      },
      "power": "1",
      "name": "node0"
    },
    {
      "address": "7CCF8D79D6B7ED4B0FACFD4C3C1FA547DEA0E5CD",
      "pub_key": {
        "type": "tendermint/PubKeyEd25519",
        "value": "IiiA7W0pkTGnIFi/zqIHjfgMt/1gLZUwo/Bt6L8F6Ms="
      },
      "power": "1",
      "name": "node1"
    },
    {
      "address": "C06DF36A9325CAA700406E1404E777D3DE7533B2",
      "pub_key": {
        "type": "tendermint/PubKeyEd25519",
        "value": "ZXuG6/FObVz4mhCpKwPHi6R/ZnehI/t+Xww74DX56II="
      },
      "power": "1",
      "name": "node2"
    },
    {
      "address": "92544D338AB5935A8F6D4CE3953546FB6B0368C5",
      "pub_key": {
        "type": "tendermint/PubKeyEd25519",
        "value": "/tirj7G+lHmiZ/L94DVoXDwBhC7bqPv4zoVS7Rlau8E="
      },
      "power": "1",
      "name": "node3"
    }
  ],
  "app_hash": ""
}